First,Last,Full Name,DOB,Numbers,Words,Short Word
Joseph,Chang,Joseph Chang,11/30/1994,12345678912345.0,One two three four five,Octopus
Bob,Jones,Bob Joes,1/2/1993,456-123-78945,Apple Banana Cat Dog,Twiddle
Joseph,Chang,Joseph Chang,11/30/1994,12345678912345.0,One two three four five,Octopus
Bob,Jones,Bob Joes,1/2/1993,456-123-78945,Apple Banana Cat Dog,Twiddle
Joseph,Chang,Joseph Chang,11/30/1994,12345678912345.0,One two three four five,Octopus
Bob,Jones,Bob Joes,1/2/1993,456-123-78945,Apple Banana Cat Dog,Twiddle
Joseph,Chang,Joseph Chang,11/30/1994,12345678912345.0,One two three four five,Octopus
Bob,Jones,Bob Joes,1/2/1993,456-123-78945,Apple Banana Cat Dog,Twiddle
Joseph,Chang,Joseph Chang,11/30/1994,12345678912345.0,One two three four five,Octopus
Bob,Jones,Bob Joes,1/2/1993,456-123-78945,Apple Banana Cat Dog,Twiddle
Joseph,Chang,Joseph Chang,11/30/1994,12345678912345.0,One two three four five,Octopus
Bob,Jones,Bob Joes,1/2/1993,456-123-78945,Apple Banana Cat Dog,Twiddle
Joseph,Chang,Joseph Chang,11/30/1994,12345678912345.0,One two three four five,Octopus
Bob,Jones,Bob Joes,1/2/1993,456-123-78945,Apple Banana Cat Dog,Twiddle
Joseph,Chang,Joseph Chang,11/30/1994,12345678912345.0,One two three four five,Octopus
Bob,Jones,Bob Joes,1/2/1993,456-123-78945,Apple Banana Cat Dog,Twiddle
Joseph,Chang,Joseph Chang,11/30/1994,12345678912345.0,One two three four five,Octopus
Bob,Jones,Bob Joes,1/2/1993,456-123-78945,Apple Banana Cat Dog,Twiddle
Joseph,Chang,Joseph Chang,11/30/1994,12345678912345.0,One two three four five,Octopus
Bob,Jones,Bob Joes,1/2/1993,456-123-78945,Apple Banana Cat Dog,Twiddle
Joseph,Chang,Joseph Chang,11/30/1994,12345678912345.0,One two three four five,Octopus
Bob,Jones,Bob Joes,1/2/1993,456-123-78945,Apple Banana Cat Dog,Twiddle
Joseph,Chang,Joseph Chang,11/30/1994,12345678912345.0,One two three four five,Octopus
Bob,Jones,Bob Joes,1/2/1993,456-123-78945,Apple Banana Cat Dog,Twiddle
Joseph,Chang,Joseph Chang,11/30/1994,12345678912345.0,One two three four five,Octopus
Bob,Jones,Bob Joes,1/2/1993,456-123-78945,Apple Banana Cat Dog,Twiddle
Joseph,Chang,Joseph Chang,11/30/1994,12345678912345.0,One two three four five,Octopus
Bob,Jones,Bob Joes,1/2/1993,456-123-78945,Apple Banana Cat Dog,Twiddle
Joseph,Chang,Joseph Chang,11/30/1994,12345678912345.0,One two three four five,Octopus
Bob,Jones,Bob Joes,1/2/1993,456-123-78945,Apple Banana Cat Dog,Twiddle
Joseph,Chang,Joseph Chang,11/30/1994,12345678912345.0,One two three four five,Octopus
Bob,Jones,Bob Joes,1/2/1993,456-123-78945,Apple Banana Cat Dog,Twiddle
Joseph,Chang,Joseph Chang,11/30/1994,12345678912345.0,One two three four five,Octopus
Bob,Jones,Bob Joes,1/2/1993,456-123-78945,Apple Banana Cat Dog,Twiddle
Joseph,Chang,Joseph Chang,11/30/1994,12345678912345.0,One two three four five,Octopus
Bob,Jones,Bob Joes,1/2/1993,456-123-78945,Apple Banana Cat Dog,Twiddle
Joseph,Chang,Joseph Chang,11/30/1994,12345678912345.0,One two three four five,Octopus
Bob,Jones,Bob Joes,1/2/1993,456-123-78945,Apple Banana Cat Dog,Twiddle
Joseph,Chang,Joseph Chang,11/30/1994,12345678912345.0,One two three four five,Octopus
Bob,Jones,Bob Joes,1/2/1993,456-123-78945,Apple Banana Cat Dog,Twiddle
Joseph,Chang,Joseph Chang,11/30/1994,12345678912345.0,One two three four five,Octopus
Bob,Jones,Bob Joes,1/2/1993,456-123-78945,Apple Banana Cat Dog,Twiddle
Joseph,Chang,Joseph Chang,11/30/1994,12345678912345.0,One two three four five,Octopus
Bob,Jones,Bob Joes,1/2/1993,456-123-78945,Apple Banana Cat Dog,Twiddle
 ,,,,,,
